{
 "rule": "median_i median_{x in obs1 XOR obs2} |frangi_p - 0.5|",
 "n_images": 20,
 "eps_inter": 0.24558225274085999,
 "eps_inter_snapped": 0.25,
 "per_image_margin": [
  0.24782736599445343,
  0.263860285282135,
  0.2542065978050232,
  0.2683725953102112,
  0.23410022258758545,
  0.2665137052536011,
  0.24333713948726654,
  0.15894389152526855,
  0.26859837770462036,
  0.289868026971817,
  0.26009297370910645,
  0.25109434127807617,
  0.23821336030960083,
  0.1963692307472229,
  0.2313523292541504,
  0.2632508873939514,
  0.18362341821193695,
  0.19796010851860046,
  0.20184746384620667,
  0.21114274859428406
 ],
 "interobserver_dice_mean": 0.7731386035746945,
 "interobserver_dice_range": [
  0.7440904265657885,
  0.8207739624698215
 ]
}